title	summary	Scale	Context (tokens)	License	Date	Decoder type	Attention	Layer mix	KV cache / token (bf16) info	Key detail	AA Intelligence Index info	View in article	config.json	Tech report	From scratch	Vocabulary	params.json
GPT-2 XL (1.5B)	Late-2019 dense baseline included here as a reference point for how much decoder stacks have changed since GPT-2.	1.5B parameters	1,024	"OpenAI ""Modified MIT"" license"	2019-11-05	Dense	MHA with learned absolute positional embeddings	48 MHA	300 KiB · High	Classic GPT-2 recipe with dropout, GELU, LayerNorm, and full multi-head attention.	Total score  32.3      General  31.1    Scientific  24.8    Coding  33.9    Agents  39.4	https://magazine.sebastianraschka.com/p/from-gpt-2-to-gpt-oss-analyzing-the#%C2%A72-coming-from-gpt-2	https://huggingface.co/openai-community/gpt2-xl/blob/main/config.json	https://cdn.openai.com/better-language-models/language_models_are_unsupervised_multitask_learners.pdf			
Llama 3 (8B)	Reference dense Llama stack used to contrast OLMo 2's normalization and attention choices.	8B parameters	8,192	https://huggingface.co/meta-llama/Meta-Llama-3-8B/blob/main/LICENSE	2024-04-18	Dense	GQA with RoPE	32 GQA	128 KiB · Moderate	Pre-norm baseline; wider than OLMo 2 at a similar scale.		https://magazine.sebastianraschka.com/p/the-big-llm-architecture-comparison#%C2%A723-olmo-2-summary	https://huggingface.co/meta-llama/Meta-Llama-3-8B/blob/main/config.json	https://arxiv.org/pdf/2407.21783	https://github.com/rasbt/LLMs-from-scratch/tree/main/ch05/07_gpt_to_llama		
Llama 3.2 (1B)	Small dense Llama baseline in the Qwen comparison, with fewer layers but more width.	1B parameters	128,000	https://huggingface.co/meta-llama/Llama-3.2-1B/blob/main/LICENSE.txt	2024-09-25	Dense	GQA	16 GQA	32 KiB · Low	Wider architecture with more heads than Qwen3 0.6B.	Total score  6.3      General  17.0    Scientific  7.6    Coding  0.6    Agents  0.0	https://magazine.sebastianraschka.com/p/the-big-llm-architecture-comparison#%C2%A761-qwen3-dense			https://github.com/rasbt/LLMs-from-scratch/tree/main/ch05/07_gpt_to_llama		
OLMo 2 (7B)	Transparent dense model that keeps classic MHA and pushes normalization changes for training stability.	7B parameters	4,096	Apache License 2.0	2024-11-25	Dense	MHA with QK-Norm	32 MHA	512 KiB · Very high	Uses inside-residual post-norm instead of the usual pre-norm layout.		https://magazine.sebastianraschka.com/p/the-big-llm-architecture-comparison#%C2%A723-olmo-2-summary	https://huggingface.co/allenai/OLMo-2-1124-7B-Instruct/blob/main/config.json	https://arxiv.org/pdf/2501.00656			
Phi-4 (14B)	Microsoft's 14B dense Phi refresh stays close to Phi-3-medium but swaps its sliding-window attention for full-context GQA and a larger tokenizer.	14B parameters	16,384	https://huggingface.co/microsoft/phi-4/blob/main/LICENSE	2024-12-12	Dense	GQA with RoPE	40 GQA	200 KiB · High	Classic pre-norm RMSNorm stack with GQA, 40 heads, 10 KV heads, and a 100,352-token vocabulary.	Total score  10.4      General  14.0    Scientific  16.4    Coding  11.2    Agents  0.0		https://huggingface.co/microsoft/phi-4/blob/main/config.json	https://arxiv.org/pdf/2412.08905			
DeepSeek V3 (671B)	DeepSeek's flagship template kicked off the recent wave of large open MoE models.	671B total, 37B active (5.5% active)	128,000	https://huggingface.co/deepseek-ai/DeepSeek-V3/blame/main/LICENSE-MODEL	2024-12-26	Sparse MoE	MLA	61 MLA	68.6 KiB · Low	Uses a dense prefix, shared expert, and MTP-1 objective to keep a very large model practical.	Total score  16.5      General  24.9    Scientific  15.7    Coding  16.4    Agents  8.8	https://magazine.sebastianraschka.com/p/the-big-llm-architecture-comparison#%C2%A75-llama-4	https://huggingface.co/deepseek-ai/DeepSeek-V3/blob/main/config.json	https://arxiv.org/pdf/2412.19437			
DeepSeek R1 (671B)	Reasoning-tuned DeepSeek model built on the V3 architecture rather than a new base design.	671B total, 37B active (5.5% active)	128,000	https://huggingface.co/deepseek-ai/DeepSeek-R1/blob/main/LICENSE	2025-01-20	Sparse MoE	MLA	61 MLA	68.6 KiB · Low	Architecture matches DeepSeek V3, including the MTP-1 path; the main change is the reasoning-oriented training recipe.	Total score  18.8      General  33.1    Scientific  22.5    Coding  15.9    Agents  3.8	https://magazine.sebastianraschka.com/p/the-big-llm-architecture-comparison#%C2%A78-kimi-k2-and-kimi-k2-thinking	https://huggingface.co/deepseek-ai/DeepSeek-R1/blob/main/config.json	https://arxiv.org/pdf/2501.12948			
Gemma 3 (27B)	Gemma's flagship text stack leans on local attention more aggressively than Gemma 2.	27B parameters	128,000	https://ai.google.dev/gemma/prohibited_use_policy	2025-03-11	Dense	GQA with QK-Norm and 5:1 sliding-window/global attention	52 sliding-window + 10 global	496 KiB · Very high	Built around a 27B sweet spot with heavier local attention and a large 262k multilingual vocabulary.	Total score  10.3      General  15.1    Scientific  13.0    Coding  9.6    Agents  3.5	https://magazine.sebastianraschka.com/p/the-big-llm-architecture-comparison#%C2%A74-mistral-small-31	https://huggingface.co/google/gemma-3-27b-it/blob/main/config.json	https://arxiv.org/pdf/2503.19786	https://github.com/rasbt/LLMs-from-scratch/tree/main/ch05/12_gemma3	262,144 (~262k)	
xLSTM (7B)	Recurrent 7B language model that replaces self-attention with xLSTM blocks built around matrix memory.	7B parameters	No explicit limit	https://huggingface.co/NX-AI/xLSTM-7b/blob/main/LICENSE	2025-03-17	Recurrent	No self-attention; mLSTM recurrent layers with matrix memory	32 mLSTM	0 B · No cache	Stateful recurrent architecture aimed at fast long-context inference without an explicit context window.			https://huggingface.co/NX-AI/xLSTM-7b/blob/main/config.json	https://arxiv.org/abs/2503.13427			
Mistral Small 3.1 (24B)	Fast dense 24B model that drops the sliding-window setup used in older Mistral releases.	24B parameters	128,000	Apache License 2.0	2025-03-18	Dense	Standard GQA	40 GQA	160 KiB · Moderate	Latency-focused design with a smaller KV cache and fewer layers than Gemma 3 27B.	Total score  14.5      General  21.9    Scientific  13.8    Coding  13.9    Agents  8.4	https://magazine.sebastianraschka.com/p/the-big-llm-architecture-comparison#%C2%A74-mistral-small-31	https://huggingface.co/mistralai/Mistral-Small-3.1-24B-Base-2503/blob/main/config.json	https://mistral.ai/news/mistral-small-3-1			
Llama 4 Maverick (400B)	Meta's large MoE follows the DeepSeek V3 playbook but with a more conventional attention stack.	400B total, 17B active (4.3% active)	1,000,000	Llama 4 Community License Agreement	2025-04-05	Sparse MoE	GQA	36 chunked + 12 full GQA	192 KiB · High	Alternates dense and MoE blocks and uses fewer, larger experts than DeepSeek V3.		https://magazine.sebastianraschka.com/p/the-big-llm-architecture-comparison#%C2%A75-llama-4	https://huggingface.co/meta-llama/Llama-4-Maverick-17B-128E-Instruct/blob/main/config.json	https://ai.meta.com/blog/llama-4-multimodal-intelligence/			
Qwen3 (235B-A22B)	Large sparse Qwen variant that stays very close to DeepSeek V3 while removing the shared expert.	235B total, 22B active (9.4% active)	128,000	https://huggingface.co/Qwen/Qwen3-235B-A22B/blob/main/LICENSE	2025-04-28	Sparse MoE	GQA with QK-Norm	94 GQA	188 KiB · High	High-capacity MoE design optimized for serving efficiency without a shared expert.	Total score  17.0      General  16.9    Scientific  17.7    Coding  14.0    Agents  19.2	https://magazine.sebastianraschka.com/p/the-big-llm-architecture-comparison#%C2%A762-qwen3-moe	https://huggingface.co/Qwen/Qwen3-235B-A22B/blob/main/config.json	https://arxiv.org/pdf/2505.09388	https://github.com/rasbt/LLMs-from-scratch/tree/main/ch05/11_qwen3		
Qwen3 (32B)	Large dense Qwen3 model that serves as the clearest like-for-like comparison for OLMo 3 32B.	32B parameters	128,000	https://huggingface.co/Qwen/Qwen3-32B/blob/main/LICENSE	2025-04-28	Dense	GQA with QK-Norm	64 GQA	256 KiB · High	Reference dense Qwen stack with QK-Norm and 8 KV heads.	Total score  14.5	https://magazine.sebastianraschka.com/p/the-big-llm-architecture-comparison#%C2%A715-olmo-3-thinking	https://huggingface.co/Qwen/Qwen3-32B/blob/main/config.json	https://arxiv.org/pdf/2505.09388	https://github.com/rasbt/LLMs-from-scratch/tree/main/ch05/11_qwen3		
Qwen3 (4B)	Mid-size dense Qwen3 model used here as a clean baseline against SmolLM3 and Tiny Aya.	4B parameters	32,768	https://huggingface.co/Qwen/Qwen3-4B/blob/main/LICENSE	2025-04-28	Dense	GQA with QK-Norm	36 GQA	144 KiB · Moderate	Compact Qwen3 dense stack with QK-Norm and a 151k vocabulary.	Total score  12.5	https://magazine.sebastianraschka.com/p/the-big-llm-architecture-comparison#%C2%A77-smollm3	https://huggingface.co/Qwen/Qwen3-4B/blob/main/config.json	https://arxiv.org/pdf/2505.09388	https://github.com/rasbt/LLMs-from-scratch/tree/main/ch05/11_qwen3		
Qwen3 (8B)	Dense Qwen3 baseline used here to show how little OLMo 3 changed the overall decoder recipe.	8B parameters	128,000	https://huggingface.co/Qwen/Qwen3-8B/blob/main/LICENSE	2025-04-28	Dense	GQA with QK-Norm	36 GQA	144 KiB · Moderate	Reference Qwen3 dense stack with QK-Norm and 8 KV heads.	Total score  10.6      General  11.2    Scientific  12.7    Coding  7.1    Agents  11.6	https://magazine.sebastianraschka.com/p/the-big-llm-architecture-comparison#%C2%A715-olmo-3-thinking	https://huggingface.co/Qwen/Qwen3-8B/blob/main/config.json	https://arxiv.org/pdf/2505.09388	https://github.com/rasbt/LLMs-from-scratch/tree/main/ch05/11_qwen3		
SmolLM3 (3B)	Compact dense model that experiments with leaving out positional encodings in selected layers.	3B parameters	131,072	Apache License 2.0	2025-06-19	Dense	GQA with periodic NoPE layers	36 GQA	72 KiB · Low	Every fourth layer omits RoPE to test a NoPE-style cadence.		https://magazine.sebastianraschka.com/p/the-big-llm-architecture-comparison#%C2%A77-smollm3	https://huggingface.co/HuggingFaceTB/SmolLM3-3B-Base/blob/main/config.json	https://huggingface.co/blog/smollm3			
Kimi K2 (1T)	Trillion-parameter Moonshot model that essentially scales the DeepSeek V3 recipe upward.	1T total, 32B active (3.2% active)	128,000	https://huggingface.co/moonshotai/Kimi-K2-Base/blame/main/LICENSE	2025-07-10	Sparse MoE	MLA	61 MLA	68.6 KiB · Low	More experts and fewer MLA heads than DeepSeek V3.	Total score  26.3      General  36.3    Scientific  22.6    Coding  22.1    Agents  24.3	https://magazine.sebastianraschka.com/p/the-big-llm-architecture-comparison#%C2%A78-kimi-k2-and-kimi-k2-thinking	https://huggingface.co/moonshotai/Kimi-K2-Base/blob/main/config.json	https://arxiv.org/pdf/2507.20534			
GLM-4.5 (355B)	Agent-oriented instruction/reasoning hybrid that borrows DeepSeek's dense-prefix MoE layout.	355B total, 32B active (9% active)	128,000	MIT License	2025-07-28	Sparse MoE	GQA with QK-Norm	92 GQA	368 KiB · Very high	Starts with three dense layers before MoE routing, keeps a shared expert, and uses MTP during training.	Total score  26.4      General  37.5    Scientific  25.6    Coding  26.3    Agents  16.2	https://magazine.sebastianraschka.com/p/the-big-llm-architecture-comparison#%C2%A711-glm-45	https://huggingface.co/zai-org/GLM-4.5/blob/main/config.json	https://arxiv.org/pdf/2508.06471			
GLM-4.5-Air (106B)	Compact GLM-4.5 companion that keeps the same agent-oriented sparse MoE recipe at a smaller serving footprint.	106B total, 12B active (11.3% active)	128,000	MIT License	2025-07-28	Sparse MoE	GQA	46 GQA	184 KiB · High	Shrinks the GLM-4.5 layout to 46 layers, keeps the dense warmup, and inherits the MTP training recipe.	Total score  23.2      General  26.1    Scientific  21.7    Coding  23.8    Agents  21.0		https://huggingface.co/zai-org/GLM-4.5-Air/blob/main/config.json	https://arxiv.org/pdf/2508.06471			
Qwen3 Coder Flash (30B-A3B)	Coding-tuned Qwen model that keeps a straightforward grouped-query MoE stack instead of the newer hybrid-attention variants.	30B total, 3.3B active (11% active)	256,000	https://huggingface.co/Qwen/Qwen3-Coder-30B-A3B-Instruct/blob/main/LICENSE	2025-07-31	Sparse MoE	GQA	48 GQA	96 KiB · Moderate	Uses 128 experts with 8 active per token and a native 256k context window for coding workloads.	Total score  20.0      General  24.6    Scientific  14.9    Coding  19.4    Agents  21.1	https://magazine.sebastianraschka.com/p/a-dream-of-spring-for-open-weight#%C2%A74-qwen3-coder-next-an-attention-hybrid-for-coding	https://huggingface.co/Qwen/Qwen3-Coder-30B-A3B-Instruct/blob/main/config.json		https://github.com/rasbt/LLMs-from-scratch/tree/main/ch05/11_qwen3		
GPT-OSS (120B)	Larger gpt-oss variant keeps the same alternating-attention recipe as the 20B model.	117B total, 5.1B active (4.4% active)	128,000	https://huggingface.co/openai/gpt-oss-120b/blob/main/LICENSE	2025-08-04	Sparse MoE	GQA with alternating sliding-window and global layers	18 sliding-window + 18 global	72 KiB · Low	Shared architectural template scaled up for OpenAI's flagship open-weight release.	Total score  33.3      General  37.5    Scientific  29.1    Coding  28.6    Agents  37.9	https://magazine.sebastianraschka.com/p/the-big-llm-architecture-comparison#%C2%A79-gpt-oss	https://huggingface.co/openai/gpt-oss-120b/blob/main/config.json	https://cdn.openai.com/pdf/419b6906-9da6-406c-a19d-1bb078ac7637/oai_gpt-oss_model_card.pdf			
GPT-OSS (20B)	OpenAI's smaller open-weight MoE model favors width and alternating local/global attention.	21B total, 3.6B active (17.1% active)	128,000	https://huggingface.co/openai/gpt-oss-20b/blob/main/LICENSE	2025-08-04	Sparse MoE	GQA with alternating sliding-window and global layers	12 sliding-window + 12 global	48 KiB · Low	Wider and shallower than Qwen3, with attention bias and sink mechanisms.	Total score  24.5      General  29.3    Scientific  22.5    Coding  18.5    Agents  27.6	https://magazine.sebastianraschka.com/p/the-big-llm-architecture-comparison#%C2%A79-gpt-oss	https://huggingface.co/openai/gpt-oss-20b/blob/main/config.json	https://cdn.openai.com/pdf/419b6906-9da6-406c-a19d-1bb078ac7637/oai_gpt-oss_model_card.pdf			
Gemma 3 (270M)	Tiny Gemma 3 variant that preserves the family's local-global attention recipe at a toy scale.	270M parameters	128,000	https://ai.google.dev/gemma/prohibited_use_policy	2025-08-14	Dense	Multi-query attention with QK-Norm and 5:1 sliding-window/global attention	15 sliding-window + 3 global	18 KiB · Very low	Keeps the Gemma 3 stack shape while shrinking down to 4 attention heads, a single KV head, and the same 262k vocabulary.	Total score  7.7      General  20.1    Scientific  7.7    Coding  0.0    Agents  3.0	https://magazine.sebastianraschka.com/p/the-big-llm-architecture-comparison#%C2%A74-mistral-small-31	https://huggingface.co/google/gemma-3-270m/blob/main/config.json	https://arxiv.org/pdf/2503.19786	https://github.com/rasbt/LLMs-from-scratch/tree/main/ch05/12_gemma3	262,144 (~262k)	
Grok 2.5 (270B)	Rare production-model release that shows an older MoE style with fewer, larger experts.	270B parameters	131,072	Grok 2 Community License Agreement	2025-08-22	Sparse MoE	GQA	64 GQA	256 KiB · High	Adds an always-on SwiGLU path that effectively behaves like a shared expert.		https://magazine.sebastianraschka.com/p/the-big-llm-architecture-comparison#%C2%A710-grok-25	https://huggingface.co/xai-org/grok-2/blob/main/config.json				
Qwen3 Next (80B-A3B)	Efficiency-focused Qwen refresh that swaps standard attention for a DeltaNet-attention hybrid.	80B total, 3B active (3.8% active)	262,144	https://huggingface.co/Qwen/Qwen3-Next-80B-A3B-Instruct/blob/main/LICENSE	2025-09-09	Sparse hybrid	3:1 Gated DeltaNet and Gated Attention	12 gated attention + 36 DeltaNet	24 KiB · Very low	Adds many more experts, a shared expert, native 262k context, and MTP for speculative decoding.	Total score  20.1      General  28.9    Scientific  22.1    Coding  15.3    Agents  14.2	https://magazine.sebastianraschka.com/p/the-big-llm-architecture-comparison#%C2%A7121-expert-size-and-number	https://huggingface.co/Qwen/Qwen3-Next-80B-A3B-Instruct/blob/main/config.json				
MiniMax M2 (230B)	MiniMax's flagship returns to full attention and looks like a leaner, sparser cousin of Qwen3.	230B total, 10B active (4.3% active)	196,608	Modified MIT License	2025-10-23	Sparse MoE	GQA with QK-Norm and partial RoPE	62 GQA	248 KiB · High	Uses per-layer QK-Norm, much sparser MoE routing than Qwen3, and MTP during training.		https://magazine.sebastianraschka.com/p/the-big-llm-architecture-comparison#%C2%A7131-per-layer-qk-norm	https://huggingface.co/MiniMaxAI/MiniMax-M2/blob/main/config.json				
Kimi Linear (48B-A3B)	Linear-attention hybrid that keeps a transformer backbone but replaces most full-attention layers.	48B total, 3B active (6.3% active)	1,000,000	MIT License	2025-10-30	Sparse hybrid	3:1 Kimi Delta Attention and MLA	7 MLA + 20 Kimi Delta Attention	7.9 KiB · Very low	Uses NoPE in MLA layers and channel-wise gating for long-context efficiency.	Total score  14.4      General  N/A    Scientific  N/A    Coding  14.2    Agents  N/A	https://magazine.sebastianraschka.com/p/the-big-llm-architecture-comparison#%C2%A7144-kimi-linear-vs-qwen3-next	https://huggingface.co/moonshotai/Kimi-Linear-48B-A3B-Base/blob/main/config.json	https://arxiv.org/pdf/2510.26692			
OLMo 3 (32B)	Scaled-up OLMo 3 keeps the same block design but moves to grouped-query attention.	32B parameters	65,536	Apache License 2.0	2025-11-20	Dense	GQA with QK-Norm and 3:1 sliding-window/global attention	48 sliding-window + 16 global	256 KiB · High	Keeps post-norm while scaling width and applying YaRN only on global layers.		https://magazine.sebastianraschka.com/p/the-big-llm-architecture-comparison#%C2%A715-olmo-3-thinking	https://huggingface.co/allenai/Olmo-3-32B-Think/blob/main/config.json	https://arxiv.org/pdf/2512.13961	https://github.com/rasbt/LLMs-from-scratch/tree/main/ch05/13_olmo3		
OLMo 3 (7B)	New transparent Allen AI model that keeps OLMo's post-norm flavor while modernizing context handling.	7B parameters	65,536	Apache License 2.0	2025-11-20	Dense	MHA with QK-Norm and 3:1 sliding-window/global attention	24 sliding-window + 8 global	512 KiB · Very high	Retains post-norm, keeps MHA, and applies YaRN only on global layers.	Total score  8.2      General  12.1    Scientific  12.9    Coding  3.4    Agents  4.2	https://magazine.sebastianraschka.com/p/the-big-llm-architecture-comparison#%C2%A715-olmo-3-thinking	https://huggingface.co/allenai/Olmo-3-1025-7B/blob/main/config.json	https://arxiv.org/pdf/2512.13961	https://github.com/rasbt/LLMs-from-scratch/tree/main/ch05/13_olmo3		
INTELLECT-3 (106B)	Large-scale RL post-training of GLM-4.5-Air that keeps the compact 106B sparse MoE backbone intact.	106B total, 12B active (11.3% active)	128,000	MIT License	2025-11-26	Sparse MoE	GQA	46 GQA	184 KiB · High	Keeps the GLM-4.5-Air architecture unchanged and shifts the capability profile through SFT plus large-scale RL.	Total score  22.2      General  24.6    Scientific  25.1    Coding  19.1    Agents  19.8		https://huggingface.co/PrimeIntellect/INTELLECT-3/blob/main/config.json	https://storage.googleapis.com/intellect-3-paper/INTELLECT_3_Technical_Report.pdf			
DeepSeek V3.2 (671B)	DeepSeek's successor keeps the V3 template but adds sparse attention to cut long-context costs.	671B total, 37B active (5.5% active)	128,000	https://huggingface.co/deepseek-ai/DeepSeek-V3.2/blob/main/LICENSE	2025-12-01	Sparse MoE	MLA with DeepSeek Sparse Attention	61 MLA	68.6 KiB · Low	Adds sparse attention while retaining the DeepSeek V3-style MTP path.	Total score  32.1      General  29.7    Scientific  24.2    Coding  34.6    Agents  39.8	https://magazine.sebastianraschka.com/p/the-big-llm-architecture-comparison#%C2%A716-deepseek-v32	https://huggingface.co/deepseek-ai/DeepSeek-V3.2/blob/main/config.json	https://arxiv.org/pdf/2512.02556			
Mistral Large 3 (673B)	Mistral's new flagship effectively adopts the DeepSeek architecture and retunes the expert sizes.	673B total, 41B active (6.1% active)	262,144	Apache License 2.0	2025-12-02	Sparse MoE	MLA	61 MLA	68.6 KiB · Low	Near-clone of DeepSeek V3 with larger experts, fewer routed experts, and multimodal support.	Total score  22.8      General  27.8    Scientific  19.1    Coding  22.7    Agents  21.7	https://magazine.sebastianraschka.com/p/the-big-llm-architecture-comparison#%C2%A717-mistral-3-large					https://huggingface.co/mistralai/Mistral-Large-3-675B-Instruct-2512/blob/main/params.json
Nemotron 3 Nano (30B-A3B)	NVIDIA's Nano model is the most extreme transformer-state-space hybrid in the gallery.	30B total, 3B active (10% active)	1,000,000	https://www.nvidia.com/en-us/agreements/enterprise-software/nvidia-nemotron-open-model-license/	2025-12-04	Hybrid MoE	Mostly Mamba-2 with a few GQA layers	6 GQA + 23 Mamba-2 + 23 MoE	6 KiB · Very low	Interleaves Mamba-2 and MoE blocks, using attention only sparingly.	Total score  13.2      General  16.2    Scientific  12.3    Coding  15.8    Agents  8.5	https://magazine.sebastianraschka.com/p/the-big-llm-architecture-comparison#%C2%A7181-nemotron-3-nano	https://huggingface.co/nvidia/NVIDIA-Nemotron-3-Nano-30B-A3B-BF16/blob/main/config.json	https://research.nvidia.com/labs/nemotron/files/NVIDIA-Nemotron-3-Nano-Technical-Report.pdf			
Xiaomi MiMo-V2-Flash (309B)	Large MoE model that pushes sliding-window attention harder than most contemporaries.	309B total, 15B active (4.9% active)	262,144	MIT License	2025-12-16	Sparse MoE	5:1 sliding-window/global attention	40 sliding-window + 8 global	144 KiB · Moderate	Uses an unusually small 128-token local window plus multi-token prediction.	Total score  30.4      General  27.8    Scientific  20.4    Coding  25.8    Agents  47.3	https://magazine.sebastianraschka.com/p/the-big-llm-architecture-comparison#%C2%A719-xiaomi-mimo-v2-flash	https://huggingface.co/XiaomiMiMo/MiMo-V2-Flash/blob/main/config.json	https://arxiv.org/pdf/2601.02780			
GLM-4.7 (355B)	Immediate GLM predecessor that stays closer to the older GLM-4.5 style before the MLA shift.	355B total, 32B active (9% active)	202,752	MIT License	2025-12-22	Sparse MoE	GQA with QK-Norm	92 GQA	368 KiB · Very high	Serves as the pre-MLA, pre-sparse-attention baseline and uses an MTP-3-style setup.	Total score  34.2      General  30.6    Scientific  19.7    Coding  32.0    Agents  54.3	https://magazine.sebastianraschka.com/p/the-big-llm-architecture-comparison#%C2%A721-glm-5	https://huggingface.co/zai-org/GLM-4.7/blob/main/config.json	https://arxiv.org/pdf/2508.06471			
Arcee AI Trinity Large (400B)	Arcee's flagship blends several efficiency tricks into a DeepSeek-like coarse MoE design.	400B total, 13B active (3.3% active)	512,000	Apache License 2.0	2026-01-27	Sparse MoE	GQA with gated attention and 3:1 sliding-window/global attention	45 sliding-window + 15 global	240 KiB · High	Combines QK-Norm, RoPE+NoPE, sandwich norm, and a coarse-grained MoE.	Total score  15.0	https://magazine.sebastianraschka.com/p/the-big-llm-architecture-comparison#%C2%A720-arcee-ai-trinity-large	https://huggingface.co/arcee-ai/Trinity-Large-Base/blob/main/config.json	https://arxiv.org/pdf/2602.17004			
Kimi K2.5 (1T)	Native-multimodal Moonshot flagship that keeps the K2/DeepSeek-style MoE layout and pushes native context to 256k.	1T total, 32B active (3.2% active)	256,000	https://huggingface.co/moonshotai/Kimi-K2.5/blob/main/LICENSE	2026-01-27	Sparse MoE	MLA	61 MLA	68.6 KiB · Low	Keeps the 384-expert K2 backbone, but adds multimodal capabilities (not shown) and doubles the native context length.	Total score  37.3      General  44.4    Scientific  26.0    Coding  25.8    Agents  52.8	https://magazine.sebastianraschka.com/p/a-dream-of-spring-for-open-weight#%C2%A72-moonshot-ais-kimi-k25-a-deepseek-like-model-at-a-1-trillion-parameter-scale	https://huggingface.co/moonshotai/Kimi-K2.5/blob/main/config.json	https://arxiv.org/pdf/2602.02276			
Step 3.5 Flash (196B)	Throughput-oriented MoE model that stays competitive with much larger DeepSeek-style systems.	196B total, 11B active (5.6% active)	262,144	Apache License 2.0	2026-02-01	Sparse MoE	GQA with 3:1 sliding-window attention	36 sliding-window + 12 global	192 KiB · High	Uses MTP-3 during both training and inference for unusually high throughput.	Total score  38.5      General  38.5    Scientific  32.5    Coding  34.6    Agents  48.2	https://magazine.sebastianraschka.com/p/a-dream-of-spring-for-open-weight#%C2%A73-stepfuns-step-35-flash-good-performance-at-great-tokens-sec-throughput	https://huggingface.co/stepfun-ai/Step-3.5-Flash/blob/main/config.json	https://arxiv.org/pdf/2602.10604			
Nanbeige 4.1 (3B)	Small on-device oriented model that stays close to Llama 3.2 while nudging the scaling choices.	3B parameters	262,144	Apache License 2.0	2026-02-10	Dense	GQA	32 GQA	64 KiB · Low	Llama-like stack without tying input embeddings to the output layer.	Total score  16.1      General  22.0    Scientific  26.2    Coding  8.9    Agents  7.2	https://magazine.sebastianraschka.com/p/a-dream-of-spring-for-open-weight#%C2%A77-nanbeige-41-3b-a-strong-llama-3-successor	https://huggingface.co/Nanbeige/Nanbeige4.1-3B/blob/main/config.json	https://arxiv.org/pdf/2602.13367			
GLM-5 (744B)	Huge GLM refresh that adopts both MLA and DeepSeek Sparse Attention for flagship-scale inference.	744B total, 40B active (5.4% active)	202,752	MIT License	2026-02-11	Sparse MoE	MLA with DeepSeek Sparse Attention	78 MLA	87.8 KiB · Moderate	Bigger than GLM-4.7, with more experts, fewer layers, and DeepSeek-style MTP.	Total score  40.6      General  42.8    Scientific  20.2    Coding  39.0    Agents  60.3	https://magazine.sebastianraschka.com/p/the-big-llm-architecture-comparison#%C2%A721-glm-5	https://huggingface.co/zai-org/GLM-5/blob/main/config.json	https://arxiv.org/pdf/2602.15763			
MiniMax-M2.5 (230B)	Popular 230B coder that opts for a classic architecture instead of the newer hybrid-attention ideas.	230B total, 10B active (4.3% active)	196,608	Modified MIT License	2026-02-12	Sparse MoE	GQA with QK-Norm	62 GQA	248 KiB · High	Deliberately avoids sliding-window or linear-attention hybrids while keeping a 10B active path and three MTP modules.		https://magazine.sebastianraschka.com/p/a-dream-of-spring-for-open-weight#%C2%A76-minimax-m25-a-strong-coder-with-only-230b-parameters	https://huggingface.co/MiniMaxAI/MiniMax-M2.5/blob/main/config.json				
Tiny Aya (3.35B)	Compact multilingual model from Cohere with a rare parallel transformer block.	3.35B parameters	8,192	Creative Commons Attribution-NonCommercial 4.0	2026-02-13	Dense	GQA with 3:1 sliding-window attention	27 sliding-window + 9 global	72 KiB · Low	Runs attention and the MLP in parallel while mixing RoPE with NoPE.		https://magazine.sebastianraschka.com/p/a-dream-of-spring-for-open-weight#%C2%A710-tiny-aya-a-335b-model-with-strong-multilingual-support	https://huggingface.co/CohereLabs/tiny-aya-base/blob/main/config.json	https://arxiv.org/pdf/2603.11510	https://github.com/rasbt/LLMs-from-scratch/tree/main/ch05/15_tiny-aya		
Ling 2.5 (1T)	Trillion-parameter long-context model that swaps DeltaNet for Lightning Attention.	1T total, 63B active (6.3% active)	256,000	MIT License	2026-02-15	Sparse hybrid	Lightning Attention plus MLA	10 MLA + 70 Lightning Attention	11.2 KiB · Very low	Uses a 7:1 linear-attention/MLA ratio and a much larger 63B active path.		https://magazine.sebastianraschka.com/p/a-dream-of-spring-for-open-weight#%C2%A79-ant-groups-ling-25-1t-with-lightning-attention	https://huggingface.co/inclusionAI/Ling-2.5-1T/blob/main/config.json				
Qwen3.5 (397B)	Mainline Qwen refresh that brings the Next-style hybrid attention into the flagship series.	397B total, 17B active (4.3% active)	262,144	https://huggingface.co/Qwen/Qwen3.5-397B-A17B/blob/main/LICENSE	2026-02-16	Sparse hybrid	3:1 Gated DeltaNet and Gated Attention	15 gated attention + 45 DeltaNet	30 KiB · Low	Turns the former Qwen3-Next side branch into the new core design with 512 experts and 17B active parameters.	Total score  40.1      General  38.5    Scientific  31.1    Coding  37.4    Agents  53.3	https://magazine.sebastianraschka.com/p/a-dream-of-spring-for-open-weight#%C2%A78-qwen35-and-the-continutation-of-hybrid-attention	https://huggingface.co/Qwen/Qwen3.5-397B-A17B/blob/main/config.json		https://github.com/rasbt/LLMs-from-scratch/tree/main/ch05/16_qwen3.5		
Sarvam (105B)	Larger Sarvam variant keeps the sparse MoE layout but switches from GQA to MLA.	105B total, 10.3B active (9.8% active)	131,072	Apache License 2.0	2026-03-03	Sparse MoE	MLA with KV LayerNorm and NoPE + RoPE	32 MLA	36 KiB · Low	Large vocabulary and strong Indic language support carried into the larger MLA-based sparse MoE variant.	Total score  18.2      General  14.6    Scientific  23.5    Coding  9.8    Agents  24.7	https://magazine.sebastianraschka.com/p/a-dream-of-spring-for-open-weight#%C2%A7update-1-sarvam-30b-and-105b-mar-6-2026	https://huggingface.co/sarvamai/sarvam-105b/blob/main/config.json	https://www.sarvam.ai/blogs/sarvam-30b-105b			
Sarvam (30B)	Reasoning-oriented Indian-language sparse MoE that keeps GQA at the smaller size.	30B total, 2.4B active (8% active)	131,072	Apache License 2.0	2026-03-03	Sparse MoE	GQA with QK-Norm	19 GQA	19 KiB · Very low	Large vocabulary and strong Indic language support paired with a reasoning-focused sparse MoE design.	Total score  12.3      General  10.5    Scientific  19.4    Coding  7.9    Agents  11.5	https://magazine.sebastianraschka.com/p/a-dream-of-spring-for-open-weight#%C2%A7update-1-sarvam-30b-and-105b-mar-6-2026	https://huggingface.co/sarvamai/sarvam-30b/blob/main/config.json	https://www.sarvam.ai/blogs/sarvam-30b-105b			
Nemotron 3 Super (120B-A12B)	The Super variant scales up Nano and adds both latent experts and native speculative decoding support.	120B total, 12B active (10% active)	1,000,000	https://www.nvidia.com/en-us/agreements/enterprise-software/nvidia-nemotron-open-model-license/	2026-03-11	Hybrid MoE	Mostly Mamba-2 with a few GQA layers	8 GQA + 40 Mamba-2 + 40 MoE	8 KiB · Very low	Adds latent-space MoE and shared-weight MTP for fast inference.	Total score  36.0      General  42.1    Scientific  30.4    Coding  31.2    Agents  40.2	https://magazine.sebastianraschka.com/p/the-big-llm-architecture-comparison#%C2%A7182-nemotron-3-super	https://huggingface.co/nvidia/NVIDIA-Nemotron-3-Super-120B-A12B-BF16/blob/main/config.json	https://research.nvidia.com/labs/nemotron/files/NVIDIA-Nemotron-3-Super-Technical-Report.pdf			
Mistral Small 4 (119B)	Multimodal Mistral Small refresh that jumps from the older dense 24B stack to an MLA-based sparse MoE design.	119B total, 6.63B active (5.6% active)	256,000	Apache License 2.0	2026-03-16	Sparse MoE	MLA	36 MLA	22.5 KiB · Very low	Uses 128 experts with 4 routed plus 1 shared expert active per token while unifying instruct, reasoning, and vision.	Total score  27.8      General  37.1    Scientific  24.1    Coding  24.3    Agents  25.9		https://huggingface.co/mistralai/Mistral-Small-4-119B-2603/blob/main/config.json	https://mistral.ai/news/mistral-small-4			
Nemotron 3 Nano (4B)	Compact on-device hybrid that compresses Nemotron Nano 9B v2 into a mostly Mamba-2 stack with only four attention layers.	4B parameters	262,144	https://www.nvidia.com/en-us/agreements/enterprise-software/nvidia-nemotron-open-model-license/	2026-03-16	Dense hybrid	GQA with only 4 attention layers	4 GQA + 21 Mamba-2 + 17 FFN	16 KiB · Very low	Uses a 42-layer stack with 21 Mamba-2 blocks, 17 ReLU² FFNs, and just 4 GQA layers.	Total score  14.7      General  23.7    Scientific  15.2    Coding  10.0    Agents  9.8		https://huggingface.co/nvidia/NVIDIA-Nemotron-3-Nano-4B-BF16/blob/main/config.json	https://huggingface.co/blog/nvidia/nemotron-3-nano-4b			
MiniMax M2.7 (230B)	Agent-focused 230B follow-up built for self-evolution, agent harnesses, and productivity workflows.	230B total, 10B active (4.3% active)	196,608	https://huggingface.co/MiniMaxAI/MiniMax-M2.7/blob/main/LICENSE	2026-03-18	Sparse MoE	GQA with QK-Norm	62 GQA	248 KiB · High	Keeps the M2.5-style 62-layer sparse MoE stack and adds three MTP modules for speculative decoding support.	Total score  49.6      General  59.0    Scientific  36.1    Coding  41.9    Agents  61.5		https://huggingface.co/MiniMaxAI/MiniMax-M2.7/blob/main/config.json	https://www.minimax.io/news/minimax-m27-en			
Gemma 4 (26B-A4B)	Sparse Gemma 4 variant that keeps the local:global attention backbone while swapping dense FFNs for MoE layers.	25.2B total, 3.8B active (15.1% active)	256,000	Apache License 2.0	2026-04-02	Sparse MoE	GQA with QK-Norm, unified K/V on global layers, p-RoPE on global layers, and 5:1 sliding-window/global attention	25 sliding-window + 5 global	210 KiB · High	Uses 128 total experts with only 8 routed plus 1 shared expert active per token.	Total score  27.1      General  27.1    Scientific  23.2    Coding  29.1    Agents  28.9	https://magazine.sebastianraschka.com/p/the-big-llm-architecture-comparison#%C2%A723-gemma-4	https://huggingface.co/google/gemma-4-26B-A4B-it/blob/main/config.json	https://ai.google.dev/gemma/docs/core/model_card_4		262,144 (~262k)	
Gemma 4 (31B)	Dense Gemma 4 scales the family to a 256K-context multimodal checkpoint without changing the core local-global recipe much.	30.7B parameters	256,000	Apache License 2.0	2026-04-02	Dense	GQA with QK-Norm, unified K/V on global layers, p-RoPE on global layers, and 5:1 sliding-window/global attention	50 sliding-window + 10 global	840 KiB · Very high	Carries Gemma's unusual pre/post-norm stack into a larger 31B dense model with 256K context.	Total score  32.3      General  31.1    Scientific  24.8    Coding  33.9    Agents  39.4	https://magazine.sebastianraschka.com/p/the-big-llm-architecture-comparison#%C2%A723-gemma-4	https://huggingface.co/google/gemma-4-31B-it/blob/main/config.json	https://ai.google.dev/gemma/docs/core/model_card_4		262,144 (~262k)	
Gemma 4 (E2B)	Smallest Gemma 4 edge model keeps the family's hybrid attention stack and adds native audio on a phone-scale multimodal footprint. Uses per-layer embeddings, which add small layer-specific token vectors without scaling the full compute path, so its compute footprint is closer to 2.3B than a full 5.1B dense model.	5.1B parameters (2.3B effective)	128,000	Apache License 2.0	2026-04-02	Dense	Multi-query attention with QK-Norm, unified K/V on global layers, p-RoPE on global layers, and 4:1 sliding-window/global attention	28 sliding-window + 7 global	35 KiB · Low	Uses a double-wide GELU MLP plus a single KV head to stay light enough for offline edge deployments.	Total score  12.1      General  20.3    Scientific  12.4    Coding  8.3    Agents  7.4		https://huggingface.co/google/gemma-4-E2B-it/blob/main/config.json	https://ai.google.dev/gemma/docs/core/model_card_4	https://github.com/rasbt/LLMs-from-scratch/blob/main/ch05/17_gemma4/standalone-gemma4-plus-kvcache.ipynb	262,144 (~262k)	
Gemma 4 (E4B)	Larger Gemma 4 edge variant keeps the same multimodal hybrid recipe but doubles width and KV heads for a stronger 128K mobile checkpoint. Uses per-layer embeddings, which add small layer-specific token vectors without scaling the full compute path, so its compute footprint is closer to 4.5B than a full 8B dense model.	8B parameters (4.5B effective)	128,000	Apache License 2.0	2026-04-02	Dense	GQA with QK-Norm, unified K/V on global layers, p-RoPE on global layers, and 5:1 sliding-window/global attention	35 sliding-window + 7 global	84 KiB · Moderate	Steps up to a 42-layer stack with 2 KV heads while keeping the same edge-oriented local/global template.	Total score  14.8      General  28.1    Scientific  16.2    Coding  6.4    Agents  8.7		https://huggingface.co/google/gemma-4-E4B-it/blob/main/config.json	https://ai.google.dev/gemma/docs/core/model_card_4	https://github.com/rasbt/LLMs-from-scratch/blob/main/ch05/17_gemma4/standalone-gemma4-plus-kvcache.ipynb	262,144 (~262k)	
GLM-5.1 (744B)	Post-trained GLM refresh that keeps the GLM-5 backbone intact but targets stronger long-horizon agentic coding.	744B total, 40B active (5.4% active)	202,752	MIT License	2026-04-07	Sparse MoE	MLA with DeepSeek Sparse Attention	78 MLA	87.8 KiB · Moderate	Architecture stays aligned with GLM-5, including its MTP-capable backbone; the main shift is post-training.	Total score  51.4      General  58.4    Scientific  36.9    Coding  43.4    Agents  67.0		https://huggingface.co/zai-org/GLM-5.1/blob/main/config.json	https://arxiv.org/pdf/2602.15763			
Qwen3.6 (35B-A3B)	Compact Qwen3.6 open-weight MoE that keeps the Qwen3.5 hybrid Gated DeltaNet/Gated Attention recipe while activating only about 3B parameters.	35B total, 3B active (8.6% active)	262,144	https://huggingface.co/Qwen/Qwen3.6-35B-A3B/blob/main/LICENSE	2026-04-15	Sparse hybrid	3:1 Gated DeltaNet and Gated Attention	10 gated attention + 30 DeltaNet	20 KiB · Very low	Uses 256 experts with 8 routed plus 1 shared expert active inside a 40-layer hybrid stack.	Total score  43.5      General  49.3    Scientific  31.2    Coding  35.1    Agents  58.3		https://huggingface.co/Qwen/Qwen3.6-35B-A3B/blob/main/config.json	https://qwen.ai/blog?id=qwen3.6-35b-a3b			
Kimi K2.6 (1T)	Native-multimodal K2.5 successor that keeps the same 1T sparse MoE backbone while targeting stronger long-horizon coding, design, and agent orchestration.	1T total, 32B active (3.2% active)	256,000	https://huggingface.co/moonshotai/Kimi-K2.6/blob/main/LICENSE	2026-04-20	Sparse MoE	MLA	61 MLA	68.6 KiB · Low	Uses the same text architecture as Kimi K2.5, with the main change coming from the multimodal and agentic training recipe.	Total score  53.9      General  59.8    Scientific  42.7    Coding  47.1    Agents  66.0		https://huggingface.co/moonshotai/Kimi-K2.6/blob/main/config.json	https://www.kimi.com/blog/kimi-k2-6.html			
Qwen3.6 (27B)	Dense Qwen3.6 model that keeps the Qwen3.5-style Gated DeltaNet/Gated Attention hybrid stack while replacing MoE blocks with dense FFNs.	27B parameters	262,144	https://huggingface.co/Qwen/Qwen3.6-27B/blob/main/LICENSE	2026-04-22	Dense hybrid	3:1 Gated DeltaNet and Gated Attention	16 gated attention + 48 DeltaNet	64 KiB · Low	Uses a 64-layer dense hybrid layout with 48 DeltaNet layers and 16 full-attention layers.	Total score  45.8      General  51.8    Scientific  32.1    Coding  36.5    Agents  62.9		https://huggingface.co/Qwen/Qwen3.6-27B/blob/main/config.json	https://qwen.ai/blog?id=qwen3.6-27b			
Xiaomi MiMo-V2.5 (310B)	Omnimodal sparse MoE model that extends the MiMo-V2-Flash backbone with vision and audio encoders.	310B total, 15B active (4.8% active)	1,048,576	MIT License	2026-04-22	Sparse omnimodal MoE	5:1 sliding-window/global attention	39 sliding-window + 9 global	144 KiB · Moderate	Adds native image, video, and audio encoders to the MiMo-V2-Flash-style sparse MoE backbone with MTP support.	Total score  49.0      General  53.7    Scientific  34.7    Coding  42.1    Agents  65.5		https://huggingface.co/XiaomiMiMo/MiMo-V2.5/blob/main/config.json	https://mimo.xiaomi.com/mimo-v2-5			
Ling 2.6 (1T)	Ling 2.5 successor that keeps the Lightning Attention and MLA hybrid stack while adding an MTP layer for multi-token prediction.	1T total, 63B active (6.3% active)	262,144	MIT License	2026-04-23	Sparse hybrid	Lightning Attention plus MLA	10 MLA + 70 Lightning Attention + 1 MTP layer	11.2 KiB · Very low	Keeps the 7:1 linear-attention/MLA ratio and adds one multi-token-prediction layer for speculative decoding.	Total score  33.6      General  30.2    Scientific  23.0    Coding  33.0    Agents  48.2		https://huggingface.co/inclusionAI/Ling-2.6-1T/blob/main/config.json	https://huggingface.co/inclusionAI/Ling-2.6-1T			
Tencent Hy3-preview (295B-A21B)	Tencent Hunyuan's 295B sparse MoE preview combines a dense first FFN layer, GQA with QK-Norm, and one extra MTP layer for faster generation.	295B total, 21B active (7.1% active)	262,144	https://huggingface.co/tencent/Hy3-preview/blob/main/LICENSE	2026-04-23	Sparse MoE	GQA with QK-Norm	80 GQA + 1 MTP layer	320 KiB · Very high	Uses 192 routed experts, 8 routed plus 1 shared expert active per token, sigmoid routing with expert bias, and a 3.8B MTP layer.	Total score  33.7      General  32.1    Scientific  21.5    Coding  34.3    Agents  46.7		https://huggingface.co/tencent/Hy3-preview/blob/main/config.json	https://www.tencent.com/en-us/articles/2202320.html			
DeepSeek V4-Flash (284B)	DeepSeek's efficient V4 preview keeps the million-token architecture while reducing the MoE scale to 284B parameters and 13B active parameters.	284B total, 13B active (4.6% active)	1,048,576	https://huggingface.co/deepseek-ai/DeepSeek-V4-Flash/blob/main/LICENSE	2026-04-24	Sparse MoE	MLA-style CSA/HCA with mHC	43 CSA/HCA	5.4 KiB · Very low	Uses 256 experts, 6 routed plus 1 shared expert per token, hash-based routing, compressed attention, and the V4 MTP path.	Total score  46.5      General  45.9    Scientific  40.2    Coding  38.7    Agents  61.3		https://huggingface.co/deepseek-ai/DeepSeek-V4-Flash/blob/main/config.json	https://huggingface.co/deepseek-ai/DeepSeek-V4-Flash/blob/main/DeepSeek_V4.pdf			
DeepSeek V4-Pro (1.6T)	DeepSeek's flagship V4 preview scales to 1.6T parameters and introduces compressed sparse attention plus manifold-constrained hyper-connections for million-token contexts.	1.6T total, 49B active (3.1% active)	1,048,576	https://huggingface.co/deepseek-ai/DeepSeek-V4-Pro/blob/main/LICENSE	2026-04-24	Sparse MoE	MLA-style CSA/HCA with mHC	61 CSA/HCA	7.7 KiB · Very low	Uses 384 experts, 6 routed plus 1 shared expert per token, hash-based routing, compressed attention caches, and the V4 MTP path.	Total score  51.5      General  48.0    Scientific  43.4    Coding  47.5    Agents  67.2		https://huggingface.co/deepseek-ai/DeepSeek-V4-Pro/blob/main/config.json	https://huggingface.co/deepseek-ai/DeepSeek-V4-Pro/blob/main/DeepSeek_V4.pdf			
Laguna XS.2 (33B)	Poolside's open-weight agentic coding MoE uses mixed sliding-window/global attention and activates only 3B of 33B parameters per token.	33B total, 3B active (9.1% active)	131,072	https://huggingface.co/poolside/Laguna-XS.2/blob/main/LICENSE.md	2026-04-28	Sparse MoE	Gated GQA with QK-Norm and 3:1 sliding-window/global attention	30 sliding-window + 10 global	160 KiB · Moderate	Uses per-layer query-head counts, a 512-token SWA window, sigmoid MoE routing, and one shared expert alongside the top-8 routed experts.			https://huggingface.co/poolside/Laguna-XS.2/blob/main/config.json	https://poolside.ai/blog/laguna-a-deeper-dive			
Granite 4.1 (30B)	IBM's dense 30B Granite 4.1 model keeps a straightforward long-context GQA transformer stack and improves tool calling, instruction following, and chat behavior through post-training.	30B parameters	131,072	Apache License 2.0	2026-04-29	Dense	GQA with RoPE	64 GQA	256 KiB · High	Uses a 4096-wide dense stack, 32 query heads, 8 KV heads, SwiGLU MLPs, shared input/output embeddings, and Granite-specific MuP scaling factors.	Total score  15.0		https://huggingface.co/ibm-granite/granite-4.1-30b/blob/main/config.json	https://huggingface.co/blog/ibm-granite/granite-4-1		100,352	
